sample,label,AAAA,AAAC,AAAG,AAAT,AACA,AACC,AACT,AAGA,AAGG,AATA,AATC,AATG,AATT,ACAA,ACAC,ACAG,ACAT,ACCA,ACCC,ACCG,ACCT,ACTA,ACTC,ACTG,ACTT,AGAA,AGAC,AGAG,AGAT,AGCA,AGCC,AGCT,AGGA,AGGC,AGGG,AGGT,AGTA,AGTC,AGTG,AGTT,ATAA,ATAC,ATAG,ATAT,ATCA,ATCT,ATGA,ATGC,ATGG,ATGT
filtered_MAL0638.hg19.frag,1,0.0102563187932371,0.0035893452715109,0.0059230942065074,0.0059563649073884,0.0041248342970047,0.0019858339064971,0.0025586356314604,0.0035681500414128,0.002396223075679,0.0032646969973861,0.0018114469298974,0.0034286253026383,0.0030710347400178,0.0056266641350282,0.0035598892067976,0.0056899466754283,0.0049948239681826,0.0051887135879715,0.0032535562387768,0.000641995688299,0.0046454942401772,0.0031274964078,0.0031560935478132,0.0046924066862942,0.0045395433521779,0.0057462567682634,0.0025224850065851,0.0050241284579487,0.0033126199431503,0.0037057295683665,0.002580184536435,0.0030024723389616,0.0031613986709605,0.0022782977668614,0.0023629271123067,0.0018470923049491,0.0028593603264398,0.0022044807676402,0.004005317451243,0.0031206250101997,0.002872597871817,0.0012109575146033,0.0017050665795481,0.0023817981932165,0.0014835650569019,0.001429831738167,0.0017071128413335,0.0009512591052965,0.0013298175355944,0.0013956010626212
filtered_MAL0638m.hg19.frag,0,0.0098634944769858,0.0035407801904904,0.0058026471485037,0.0059013839147801,0.0040755688123032,0.002032893964337,0.0026828462210853,0.0034718124213109,0.0023574939048793,0.0031628368153864,0.0018557345747063,0.0033173496975374,0.0032382248568968,0.0054010540983683,0.0034757247747625,0.0055434537323325,0.0050576447662316,0.0052333746421011,0.0033723232793707,0.0007475604595289,0.0050491680004197,0.0031660469515518,0.0033754581779698,0.0049185054268104,0.0051856740250176,0.0057704705492828,0.0025418008633159,0.0051264871394672,0.0034114718930759,0.0036563952508242,0.0026999502278419,0.0031963426116133,0.0032374975604219,0.0023384086422082,0.0024579611351824,0.0018878860947384,0.0028363810148735,0.0022819303090473,0.0040077546858081,0.0034029198896977,0.0028927088729016,0.0012610066916793,0.0017573238378843,0.0024899371008929,0.0015067075042801,0.0016193130619587,0.001687227505209,0.0009734988713612,0.0013554799958609,0.00141240975442
filtered_MAL0642.hg19.frag,1,0.0099529954680027,0.0034135367850205,0.0057926735604748,0.00568767130012,0.0039026956995333,0.001926835455322,0.0025399280309397,0.0035144763332674,0.0024021099464972,0.0029300531023696,0.0017448510830677,0.003201333373737,0.0030104068464824,0.0051952245206539,0.0034025004485213,0.0054245792784133,0.0047549019186953,0.0049699115331873,0.0032211652725316,0.0006988283661826,0.0046679096192311,0.0029252993103671,0.0031554707989111,0.0045985712698025,0.0046994479926045,0.005900628616743,0.0025494356149447,0.0052858816377412,0.0033483449149597,0.0035969033170641,0.0026677778114475,0.0031065716609118,0.0033846370803357,0.0024443077037,0.0025554668576616,0.001945913448777,0.002706750529142,0.0022129006480716,0.0039191350242997,0.0032064012929644,0.0029108075743948,0.0012699744863773,0.0018422095809515,0.0024108636251626,0.0015089205954017,0.0015486053348059,0.0017175220145071,0.0010264211780554,0.0014504301061375,0.0014407340457976
filtered_MAL0642m.hg19.frag,0,0.0100661870690268,0.0036156436248962,0.0059541850819951,0.0059200823317011,0.0041894911446603,0.0020341080149501,0.0025126746596681,0.0035484722531938,0.0023968757274156,0.0032850279195996,0.0017876562991798,0.0034627335674099,0.0028673808674122,0.0056714213405845,0.0035230185808517,0.0057260656510142,0.0048706060333711,0.0052644681211908,0.0032600678087711,0.0005621665639431,0.004478436156455,0.0031029742298842,0.0030163189298608,0.0046155522455074,0.0040230198970158,0.00560521358898,0.0024727431829283,0.0049653698439743,0.0031968449291772,0.0037125932079166,0.0025650861918222,0.002919322340982,0.0031064056575499,0.0021915071319168,0.0023276596008713,0.0018177870544361,0.0028911893347091,0.0021928467988822,0.0040500717685446,0.0029593243265094,0.0027733221446855,0.0011844066149652,0.0016644069383655,0.002255294081812,0.001414030233416,0.0012472064418332,0.0016837498491111,0.000908294202523,0.0012698632655985,0.0013672829072032
filtered_MAL0665.hg19.frag,1,0.0102635320029008,0.00359439758591,0.0058779514980007,0.0060278558704998,0.0040832767384127,0.0019949727637942,0.0025759066044988,0.003544381108614,0.0023810918451934,0.0031662983173604,0.0018120818862571,0.0034173380958071,0.0030898520194051,0.0055258923611174,0.0034795395617715,0.0055638398972561,0.0049157725713642,0.0050805600371653,0.003219825231868,0.0006345477908455,0.0045687324893371,0.0030191210613728,0.0030920569221165,0.0045801631691832,0.0044905454787149,0.005762049046262,0.0025326789066038,0.0050304275123582,0.0033289679160834,0.003649868296229,0.0025982167385131,0.0030023521960149,0.003170330968372,0.0022989011954373,0.0023974545442624,0.0018648835038201,0.0027952654124077,0.0022096606593802,0.0039359254111585,0.0031472085017799,0.0029576739042308,0.0012784083944591,0.0017694634377955,0.0024785717545406,0.0015229785241605,0.0014846538336106,0.0017336337687348,0.0009860847139288,0.0013928892641865,0.0014568894665734
filtered_MAL0665m.hg19.frag,0,0.0101888889444995,0.0035163262949382,0.0058067506995039,0.0059476753618248,0.0040710450120283,0.0020056148303984,0.0026141215865423,0.0035068733331811,0.0023727849551452,0.0032131372333837,0.0018313721019004,0.0033281749713771,0.0031923315621071,0.0056225285731218,0.003544547849046,0.0057388328096234,0.0051237723051749,0.0052899201245331,0.0033806431053591,0.000708819541602,0.0049219031242778,0.0032053169865709,0.00328968409804,0.0048923998126436,0.0049466532517517,0.0056997849821231,0.0025003121995117,0.0050300132680214,0.0033336987359551,0.0036496672252281,0.0026405349469968,0.0031108560345815,0.0031657045753982,0.0022750051667035,0.0024017618306524,0.0018259398914314,0.0028416411769854,0.0022387649985467,0.0039823138213623,0.0032349423703505,0.0028717319608192,0.0012174026172512,0.0017359193137299,0.0023572589041559,0.0014912714753895,0.0015025784078545,0.0016810707729132,0.0009551611309593,0.0013381624870588,0.0013916758637855
filtered_MAL0681.hg19.frag,1,0.0094699360478427,0.0034397659367683,0.0054818330805653,0.0055295774658076,0.0040735545658642,0.0020605138380951,0.0026266645880979,0.0033017774294206,0.0023005017139149,0.003064050177902,0.001859860825117,0.0034508882083304,0.0030867468458865,0.0054892479282734,0.0035782969939484,0.0057539218214627,0.0050225646475252,0.0054256791729225,0.0035989138875757,0.0007585750905244,0.0051218512668357,0.0031995972110045,0.0034857018225695,0.0050430911161805,0.0049793415108855,0.0053296478526058,0.0024961813534303,0.0048586241731992,0.0032232885536815,0.0036755038389017,0.0027371639039426,0.0031694856953119,0.003000300572607,0.0022759061215174,0.0023268153807813,0.0017763081509431,0.0027464776760637,0.0022636987502907,0.0040144166341438,0.0032111716074268,0.0024415646703123,0.0011009240347043,0.0014749217191017,0.0020664818862504,0.0014022200415737,0.0014585547991607,0.0015445489475799,0.0008705212059218,0.0012316785442881,0.0012399072167446
filtered_MAL0681m.hg19.frag,0,0.012282836027774,0.0035937615559583,0.006170724553245,0.006407692450887,0.0038677085204298,0.0019131007023004,0.0025694162489541,0.0038573946310419,0.0026619896951667,0.0032005759678327,0.0017825419561473,0.0030964308408436,0.0034677308588048,0.0053025969367245,0.0032951618802673,0.0054278729590448,0.0046960899290656,0.0049353218512073,0.0032840933160462,0.0007380719869229,0.004567040532579,0.0029311570523608,0.0031024682395096,0.0044402551605922,0.0048253908838298,0.0063606510529474,0.0026514242475011,0.0054059873888804,0.0034025772648672,0.0035152753732999,0.0026549460633896,0.0030380693204052,0.0036325015307321,0.0025724349482871,0.0026826174739423,0.0019543562598516,0.0026793472163315,0.0020818963066716,0.0036528777512299,0.0032368003598289,0.0031379379566726,0.001285714357588,0.0018798950096372,0.0026016157085063,0.0015463287333386,0.0016051933703325,0.0017651844349825,0.0010593119076117,0.0015269587459518,0.0015012998016211
filtered_MAL0711.hg19.frag,1,0.0097696303297652,0.0033842146208199,0.0056074036453975,0.0056308109657444,0.0038429643390599,0.0019409507580877,0.0024290158943582,0.0033671655389327,0.0023051709133885,0.002925071029401,0.0017378810005594,0.0032472030221551,0.002898062582847,0.0052179756066462,0.0032969435778921,0.0053607265002038,0.0046183318255492,0.0049673597296634,0.0031969560580452,0.00061770567973,0.0044845274799127,0.002875274206067,0.0030239331973082,0.0044047400273843,0.0042590069511864,0.0056170816720794,0.0024694160289953,0.004978219375882,0.003192904791062,0.0035255025568558,0.0025692910136483,0.0029117356089149,0.0031491286006057,0.002252898315787,0.0023842268871561,0.0018067525392722,0.0026623013514689,0.0021434015720491,0.0038379002553311,0.0029907353150856,0.0027440581698919,0.0011963616471506,0.0017014758653084,0.0022957742246915,0.0014792751248043,0.0014044392208108,0.0016284967920154,0.0009361240110829,0.0013633076074128,0.0013726480285128
filtered_MAL0711m.hg19.frag,0,0.0102458472118001,0.003592687443831,0.0058732275612351,0.0060638142116987,0.0042010005480239,0.0020732486609237,0.0026884714803326,0.0035664001536356,0.0024039278891186,0.0033506651770231,0.001901751047881,0.0034668698821504,0.0033196094240193,0.005629610744762,0.0035344028570199,0.0056615776690031,0.0051082993075417,0.0053370488466599,0.0034303926602848,0.0007247911606913,0.0049991106209414,0.0032346427061433,0.0033193512588354,0.0049194286962416,0.0050425734889595,0.005718267706149,0.0025233520659509,0.0050246993465216,0.0033515763482604,0.0036805243511044,0.0026674386109388,0.0031466994955589,0.0031999726405649,0.0022936457970336,0.0024219083348675,0.0018459266234106,0.0028543198317042,0.0022471153191833,0.0039585834403466,0.0033083564592389,0.0028825661400598,0.0012342725580143,0.0016931687654812,0.002408908958549,0.001527548206919,0.0015759921443675,0.0017339892369112,0.0009707618361941,0.0013650711891253,0.0014134240094501
filtered_MAL0718.hg19.frag,1,0.0097827887350337,0.0034243077693423,0.005895063203041,0.0056105101893658,0.0038285568891913,0.001909242815421,0.0024219777717336,0.0035741976679082,0.002482944853526,0.0028410939872409,0.0017030417937838,0.0031569198567027,0.0028076829873206,0.0050957170195413,0.0033053110561095,0.0053554515751418,0.0045559655130539,0.004890215390845,0.0031743846975702,0.0006512946892356,0.0044621069803831,0.0028162155811998,0.0029933018738395,0.0043992415463226,0.0042097060593346,0.0060620582546761,0.0026414472765928,0.0054581024762127,0.0033975709763439,0.0036430379159497,0.002666945144953,0.0030078892123214,0.0035571924281162,0.0025670918156458,0.0026873474361723,0.0020167894670783,0.0027056515485688,0.0022108610168545,0.0039638594492752,0.0030646799191238,0.0029440446281436,0.0012807683187147,0.0018791289536508,0.0024141245881399,0.0015103690298894,0.0014509605952225,0.0017302781531686,0.0010459521344663,0.0014845714216974,0.0014480031622152
filtered_MAL0718m.hg19.frag,0,0.0103751725118532,0.0035055498794707,0.0057505859722852,0.0060859671547692,0.0039643714008878,0.001935650788369,0.0026220679398035,0.0035140701143873,0.0023303300574098,0.0031796737977673,0.0018803952326262,0.0032882037255964,0.003321620453401,0.0053253644095312,0.0033479598892992,0.0053052204670334,0.004864080723454,0.0049436945314383,0.0031646374154481,0.0006708883361831,0.0046631222794798,0.0030214997592346,0.003239040595896,0.0045748393615064,0.004864378473599,0.0058655633359449,0.0024847020556303,0.0050390890971042,0.0033766698744282,0.0035530524795166,0.0025780925337822,0.0030811872113655,0.003212369054067,0.0022735857509423,0.0024040003144241,0.0018905759971973,0.0027978206888161,0.0022883930946885,0.0038737064817549,0.0033752040275608,0.003002271971029,0.001276157121194,0.0017915282662916,0.0025323191749627,0.0015563743633643,0.0015867792339337,0.0017228968578839,0.0009949893689455,0.0013870461463252,0.0014645527994377
filtered_MAL0719.hg19.frag,1,0.0093624756277531,0.0034333958481907,0.0057163435022616,0.0055632977104222,0.0039051192263272,0.0019799423771211,0.0025319097302123,0.0035408037001009,0.0024867533416876,0.0028781670787688,0.0017435006374974,0.0031845213268501,0.0029437456245856,0.0051990697389967,0.0033825483976125,0.0053684007237892,0.0046929373241366,0.0050753110280327,0.0033227046912497,0.0006806510216014,0.0046885595840954,0.0029210689311723,0.0031203217691463,0.0045783062011585,0.0045868865716392,0.0058041390787873,0.0025825820711889,0.0052466557732442,0.0033325764950425,0.0036780677390918,0.0027219036479992,0.003128902139627,0.0033965790544444,0.0024685200544161,0.0026236890501755,0.001966634047396,0.0026897053699964,0.0022079569671656,0.0039082493104566,0.0032110942089,0.0028543302842446,0.0012729154717716,0.0018226501774418,0.0023597113256928,0.0015103203142044,0.0015451452362319,0.0017539634361958,0.0010600478622696,0.0014769400463904,0.0014861770778773
filtered_MAL0719m.hg19.frag,0,0.0098326157123085,0.0034823615924091,0.0058145762404791,0.0057990712369611,0.0039311181555461,0.0019593837325323,0.0025012813841374,0.0034917134641585,0.0024006543555754,0.0030222539450349,0.0017532427115487,0.003291858855776,0.0029620110087302,0.005267924905847,0.0033594988782863,0.0054307718697297,0.0047525945668601,0.0050140693468168,0.0032501863821375,0.0006606286599194,0.0046252003044311,0.0029765164060041,0.0031019114559451,0.0045801291695631,0.0045749312170943,0.0058363454431261,0.0025084563356221,0.005176805243339,0.0033249347157162,0.0036155091441091,0.0026234332671534,0.0030100809623302,0.0032805299850107,0.0023195973959235,0.0024868870542239,0.0018366987261862,0.0027701310368275,0.002197067883882,0.0039232323729546,0.0031217258730483,0.0029463727243797,0.0012482416370831,0.0018218156998867,0.002429109813321,0.001499009523493,0.0014458082578404,0.0017021739392167,0.0009741051780358,0.0014281929744741,0.0013948505528688
filtered_MAL0728.hg19.frag,1,0.0094058067123367,0.0033645732329265,0.00582658332565,0.0054935585934238,0.0038101760837704,0.0018918014690765,0.0024650713480808,0.0035899106095321,0.0024945789514964,0.0027650381452342,0.0017086152239308,0.0030947299130476,0.0029173582416873,0.0050453473356481,0.0032972437290002,0.0052860091029779,0.0046484166335936,0.0048628494201094,0.0031791589735266,0.0007176198431659,0.0046302483547563,0.0028191625890684,0.0031137133190511,0.0044863874668945,0.0046677623183375,0.0060715018681809,0.0026571153084323,0.0055076512364301,0.0034501434714382,0.0036113937388452,0.0026868946209033,0.0031333488267874,0.0036298337267378,0.0026462831740906,0.0027251150280286,0.0020841171384834,0.0026855904174374,0.0022315283580024,0.0038944058909421,0.0032605086647112,0.0031085146191245,0.0013916213259728,0.0020444838442701,0.0026095481098016,0.0015762929139546,0.0016401807698459,0.0018514073895081,0.0011449457315503,0.0016378984137806,0.0015866178580595
filtered_MAL0728m.hg19.frag,0,0.0100764329800356,0.0036201449359645,0.0057709912665375,0.0059983937860027,0.0042309105527395,0.0020704066633077,0.0026882204985045,0.0034709026599346,0.0023226429055527,0.0033360867373554,0.0018552710431384,0.0034371012039286,0.0032428702996743,0.0057582744809594,0.0036124668767475,0.005749846611272,0.0051758816923846,0.0053865484421502,0.0034169163060653,0.0007020925320706,0.0049662046924398,0.0032716330293191,0.0033127226430975,0.0049026807493869,0.0049608660418905,0.0055464080344411,0.0024641771299468,0.0048102741070139,0.0032691736509762,0.0036864881663861,0.0026138392998401,0.0030932681146186,0.0030044905549224,0.0021496466338203,0.0022680567033071,0.0017629843704406,0.0028968177713719,0.0022329955657108,0.0039729757509194,0.0032788012174162,0.0027359984216789,0.0011656253648765,0.0015556767715824,0.0022789439513374,0.0014409557696101,0.0014671391512367,0.0016439744525776,0.0008906848615875,0.0012206014685667,0.0013301637745027
filtered_MAL0730.hg19.frag,1,0.0097807646001891,0.0033339278479096,0.0058815689995835,0.0055013518905227,0.0037011809096093,0.0018193691975175,0.0023345619519812,0.0035836811025156,0.002467319510214,0.0026855406392554,0.001615926914431,0.0030131285891002,0.0027115611542764,0.0049565258275414,0.0032318118196353,0.0051836529126442,0.0044220424361748,0.0047190896782052,0.003049516981272,0.0006383638071624,0.0043058953261811,0.0026773152326665,0.0028927133416733,0.0042389158151228,0.0041031503962579,0.0061760284732489,0.002641178895855,0.0056322526409352,0.0034117121320764,0.0035937381113888,0.0026461443864515,0.0029848899869092,0.0036749923576814,0.0026474886817061,0.0028027883909888,0.0021212643043097,0.0026479759887358,0.0021872187902364,0.0039211832298629,0.003055305852712,0.0031187481868817,0.0013710887393494,0.0020886315370053,0.0025788456052702,0.00151820505127,0.001476414272544,0.0018315686769526,0.0011339550564456,0.001636427417063,0.001556668699241
filtered_MAL0730m.hg19.frag,0,0.0102678749726425,0.0036439824633511,0.0057300630024781,0.0060369246836024,0.0042783805583958,0.0021350674942462,0.0027380156722258,0.0035545703248117,0.0023915557969931,0.0034144199596691,0.0019391439969843,0.0035031996946171,0.0033343236124955,0.0058060730495226,0.0036397988703617,0.0058835424894703,0.0052504092016084,0.0055030787595919,0.0035452545334459,0.0007320558034874,0.0051007971058098,0.0033520552362701,0.0034366270550137,0.0050913840215838,0.0051898687193384,0.0055186699404416,0.002483424580253,0.004849757203235,0.0032794017929031,0.0037345621162131,0.0026823398329666,0.0031378650045024,0.003020164966855,0.0022073804126024,0.0023124323784217,0.0017619980217442,0.0028879439698201,0.00225337561227,0.0040160546840358,0.0032762640981611,0.0026606435251382,0.001126481058807,0.0015177199729545,0.0021787276652685,0.0014854187433625,0.0014782433949215,0.0016310661551072,0.0008767302866301,0.0012558319164655,0.0013017784697029
filtered_MAL0760.hg19.frag,1,0.0096485020754286,0.0033244573069083,0.0054956597454833,0.0054949980961039,0.0038742879412084,0.0019081968102545,0.0026181465943748,0.0033760659585033,0.0023895467337843,0.0029628659210539,0.0018585731067978,0.0033539007042926,0.0031544134163968,0.0053004731785536,0.003423373889132,0.0055720802488066,0.0048925663361397,0.0051009858906578,0.0034319753310645,0.0008085355416543,0.0050222496145065,0.0031305940387375,0.0034862305801771,0.0049282954026285,0.0051783988680502,0.0056749667273068,0.0025827483525757,0.0050900686758973,0.003346622561119,0.0036225303523382,0.002706145961838,0.0032371195888246,0.0033108934946302,0.0024196517805481,0.0025291547528425,0.001894963822666,0.0027498148208799,0.0022912918009401,0.0039583174123951,0.0033625021462251,0.0026575147324504,0.001192623006409,0.0016875367422171,0.0023524943685367,0.0014668766741797,0.0016256725252411,0.0016174019079983,0.0009322639756063,0.0014430572965204,0.0013639901956795
filtered_MAL0760m.hg19.frag,0,0.0101085245390028,0.0034773545637521,0.0058390850307507,0.0057977373328232,0.0039943061322981,0.0019579978496563,0.0025449376393756,0.0035615247819534,0.0023929519293507,0.0030655367596177,0.0017653886848205,0.0032580274119435,0.0030270728660999,0.0053789404586565,0.0034021122879696,0.0055160989368769,0.0047989138986862,0.0050878605660815,0.0032415805091692,0.0006510682256767,0.004616615322219,0.0030118637606521,0.003098759766583,0.0045861444390967,0.0045052794031183,0.0058548735306917,0.002541895818286,0.0051560184273785,0.003324749955064,0.0036461953863079,0.0026455679284079,0.003042742853531,0.0032767918926908,0.0023414648277914,0.0024740671584058,0.0018990971321947,0.0027774065117357,0.0021914279901529,0.0039341149452834,0.0031321012860582,0.0029092450950634,0.0012495037288644,0.0017825861668247,0.0023928729210107,0.0015119167620802,0.0014786147467749,0.0017325080473286,0.0009955182519141,0.0013928906978872,0.0014404010463337
filtered_MAL0766.hg19.frag,1,0.010123119508749,0.0035574582461227,0.0058745463300325,0.0058319328967515,0.004028288101788,0.0020362836033641,0.0025634686834989,0.0035266433204276,0.0024858761453748,0.0030837134650537,0.0018330716609425,0.0035326119772063,0.0029764164490073,0.0054033000564523,0.0035142895889552,0.0058218000608247,0.0048054627367734,0.0051283254267138,0.0033238477959208,0.0006690447831094,0.0045900358688511,0.0030100074941344,0.0031415955552107,0.0047536881093668,0.0044116701953458,0.0057108940895168,0.0025848448031252,0.0051609448300397,0.0032747104819745,0.0036900179490001,0.002701025401354,0.0030866283904573,0.0032240463023407,0.0023631716664809,0.0025418149519294,0.0018493119596196,0.0028587089850909,0.0022644806206736,0.0041568224314891,0.0030864895844857,0.0026112179377291,0.0011293253849332,0.001595852255479,0.0021158194250906,0.001443026880748,0.0013590492679303,0.0016316641961517,0.0008858597107477,0.0013690432978855,0.0012963089687674
filtered_MAL0766m.hg19.frag,0,0.0102370100268681,0.0036325829523003,0.0058530642229767,0.0060453686770755,0.0041915011734251,0.0020427025926547,0.0026457238033892,0.003575583736885,0.0023882899045628,0.0033189383301255,0.0018750691792275,0.0034337077309772,0.0031944792378737,0.0056446920527586,0.0035424145039366,0.0056511576877074,0.0050602442107116,0.005268283462057,0.0033205854024431,0.0006669065902009,0.0047525570841535,0.0032031176065179,0.003231012703641,0.004793909112552,0.0047568675074527,0.0057532236052587,0.0025325839528092,0.0049796252773805,0.0033261749350952,0.0037083307568625,0.0026376110961229,0.0030441576058268,0.0031762563101048,0.0022719610416232,0.0023836465623909,0.0018260249726651,0.002870041035405,0.0022286991102182,0.0039851440384892,0.0032079186471032,0.0028914004093955,0.0012227409312417,0.0016755806862968,0.0024038144372582,0.0015244004739993,0.0014861323256848,0.0017347351133617,0.0009607162563812,0.0013375278541393,0.0014099114258826
filtered_MAL0769.hg19.frag,1,0.01026722339587,0.0034820496564279,0.0058518471921089,0.0058655064556959,0.0039701950864687,0.0019489474628841,0.0025221899510784,0.0035569369155303,0.0024504287692118,0.003087825138019,0.0017804934782406,0.0032587276265073,0.0030942774846289,0.0052634209001978,0.0033887601200013,0.0054532954436346,0.0047702552673054,0.0049432366741525,0.0032103735254212,0.0006761720460475,0.0045543403465002,0.0029291343699641,0.0030727183312784,0.004543437574663,0.0044834723295581,0.005836416998068,0.0025353564340174,0.0052130802771244,0.0033508622082902,0.003617872322536,0.0026573196444002,0.0030397328266521,0.0033176765115257,0.0024001343443241,0.0025559454254672,0.0019254787845226,0.0027830865054098,0.0022215013594201,0.0039821758159735,0.0031841791541004,0.0030032978574898,0.0012892989679402,0.0018844547955757,0.0024949946190663,0.0015318394431332,0.0015253254989423,0.001742811158063,0.0010258153152067,0.0014636509209646,0.0014694718923693
filtered_MAL0769m.hg19.frag,0,0.0102777549933122,0.0034877108861564,0.0058435749223648,0.0058813133172899,0.0039728810592744,0.0019406196929111,0.0025394523809165,0.0035608900258845,0.0024187749165414,0.0030525806860506,0.0017624399759238,0.003235091371852,0.0030945687170421,0.0052861609361171,0.0033443822515515,0.0053913648452455,0.004747087484472,0.0048796801963828,0.0031429820351006,0.0006517803067472,0.0044967046207289,0.0028790369356813,0.0030222232379778,0.0044604912148229,0.0044888153442036,0.0059697830135824,0.0025636082069785,0.0052071461717428,0.0033536338516005,0.003616236960683,0.0026340017000984,0.0030246428872214,0.0033434265917662,0.0024062700065851,0.0025247108203989,0.0019307377640676,0.0027274530271865,0.0021669687297138,0.0038572665584426,0.0031521929687758,0.0029749485783869,0.001280828110517,0.0018375304352225,0.0024648702512909,0.0015301129821664,0.0015255380151092,0.0017474137507893,0.0010343492186627,0.0014543718608863,0.0014613054776263
filtered_MAL0779.hg19.frag,1,0.0095165558251228,0.0034262324758188,0.0056998403832073,0.005443581022251,0.0039339389630304,0.0019947970936178,0.0024638798931639,0.0034470225878276,0.0024052681326065,0.0028863500663907,0.0017393083192639,0.0032633556300732,0.0027933921601242,0.0053230707133828,0.0034842623648601,0.005647440494241,0.0047117124650136,0.0052055483933811,0.0034167652689887,0.0006632077183338,0.00471867919695,0.0029724513245212,0.0031528472207795,0.0046773820455617,0.004351581175299,0.0055530829510843,0.0025401994193205,0.0051104831686508,0.0032046337857153,0.0036615759147087,0.0026969430247609,0.0030508624428844,0.003241559037604,0.002410536428766,0.0025017958992557,0.0018718492148846,0.002710247438346,0.0022185502809566,0.0040091104724118,0.0029567879723572,0.0025905077160802,0.0011488817192183,0.0016265353289345,0.0020724376253785,0.0014062733706925,0.0013418271687165,0.0016170052170757,0.0009299407665804,0.0013236947941732,0.0013069463302629
filtered_MAL0779m.hg19.frag,0,0.0099985812280048,0.0034676978511945,0.0059395592283773,0.0058131999686108,0.0039078867182341,0.0019101011119669,0.0024747433909555,0.0035851709018285,0.0024480692688601,0.0029792430008106,0.001728387044657,0.0031484760891209,0.0030064904267211,0.0051916534123085,0.0033270679748437,0.0053189810906815,0.0047203047081886,0.0049326130561127,0.0031562079432746,0.0006646450579626,0.0045280310043942,0.0029211378844251,0.0030660830340861,0.0045021083751374,0.00450937538836,0.0061124490653455,0.0025924566094039,0.0054542652963249,0.0034472680922733,0.0036381317785767,0.0026375074429748,0.0030405090355276,0.003486965507788,0.0024594578716717,0.0026256307571856,0.0019955543697979,0.0027854818060368,0.0022098073022838,0.0039716938833743,0.0032758967356801,0.0030613029198448,0.001315282909202,0.0019370773806675,0.0025559356069183,0.0015345406290458,0.0015381896303548,0.0017753049893011,0.001040817581443,0.0014791703268047,0.0015210989787886
filtered_MAL0801.hg19.frag,1,0.0095004811890857,0.003411542502021,0.0055424317145241,0.005529719358739,0.0040187206689198,0.0020287863060141,0.0026503863141947,0.003418566933335,0.002350542558061,0.0030696764842211,0.0018412712877955,0.0033512442863166,0.0031337355680183,0.0054508343734516,0.0035322632596475,0.0055511345497804,0.0049561714337949,0.0053253892195431,0.0034554918200652,0.0007349855189483,0.0049933760545155,0.0031632941263352,0.0033717891938324,0.0048522347155911,0.005003881619932,0.0055842674868633,0.0024979312894372,0.0049267682832504,0.0032544252440904,0.0036663490857034,0.0026871247115981,0.0031633562894442,0.0031867606999727,0.002312933877132,0.0023969784004642,0.001877574543436,0.002735518691934,0.0022548424517963,0.0039309774406036,0.0033842839787361,0.0026761218413098,0.001205062949006,0.001640422282702,0.0022869496975811,0.001539531556838,0.0016228301228625,0.0017126558153293,0.0009954178639928,0.0013919874176894,0.001429378527737
filtered_MAL0801m.hg19.frag,0,0.0102736149282959,0.0035336841393069,0.0058260534074824,0.0059923419440021,0.0040687377858183,0.0019832271613022,0.0026236902116864,0.0035555177800436,0.0023817558289779,0.0031975592195074,0.001809344314961,0.0032769446879567,0.0032448990018161,0.0054729180007849,0.0034441921019791,0.0055109758488674,0.0049900177016458,0.0051240495989744,0.0032760721094292,0.0007031640502862,0.004788663014852,0.0031112123003885,0.0031962072022286,0.0047507202320698,0.0049159156482364,0.0058206261608171,0.0025098235082397,0.0050433121132463,0.0033799089541975,0.003650178167111,0.0026378528324014,0.0031010481988598,0.0032340732748106,0.0023101660346257,0.0024211177504641,0.0019042731877291,0.0028223888077976,0.0022495745652296,0.0039422618432111,0.003338648455256,0.0028916581185933,0.0012412956935814,0.0017454159518554,0.0024380898822621,0.0014768055970216,0.0015300616535221,0.0017004445969784,0.0009776523242116,0.0013587390101131,0.0014506378299727
filtered_MAL0809.hg19.frag,1,0.00979156358289,0.0035156210350056,0.005661844222383,0.0057177588462068,0.0040308406047623,0.0020275103449346,0.0026404419594537,0.0034830989663757,0.0023642814699578,0.003080408670856,0.0018365780926912,0.0033691696389601,0.0031177434222876,0.0054820832277946,0.0035302924256073,0.0056112381335284,0.0049714429986432,0.0052219650143044,0.0033599526222004,0.0007016016491693,0.0048608096297524,0.0031074471978694,0.0032787495378366,0.0047841567182193,0.00483665871242,0.0055828287211109,0.0025275918396967,0.0049662803025468,0.0032871498569087,0.0036457676450743,0.0026797309517806,0.0031217977429509,0.0031855001625811,0.0023543352588342,0.0024152375721071,0.0018714627510601,0.0027809722972644,0.0022575274150829,0.0039579211683723,0.0032129178706637,0.0027684884897544,0.0012323093072151,0.0016618339553264,0.0023117503079825,0.0015351583104298,0.0015598050799296,0.0017130525674466,0.001003458948049,0.0013894361087482,0.0014124786506474
filtered_MAL0809m.hg19.frag,0,0.0103617353603401,0.0035123561210313,0.0059810248791399,0.0059104154495735,0.0039675433804445,0.0019078241442042,0.0024645289943296,0.0036561740047922,0.0024510514175158,0.0030772918487086,0.0017309815283428,0.0032176858676899,0.0029632771515511,0.0053560761787502,0.0033618772639722,0.0053822064922265,0.0046680972403743,0.0049169032686921,0.0030808246546402,0.0006065065196454,0.0043717928697518,0.0029079506093187,0.0029610360764227,0.0044154471456904,0.0042881571910015,0.0060979965504251,0.002593204057952,0.0053363889562681,0.0033706703712468,0.0036528590811648,0.0025604905862861,0.0029644443781805,0.0034476450766987,0.0024113812751387,0.0025611131071551,0.0019685510549752,0.0028026200782838,0.0021686915143589,0.0038823825255653,0.0030872054935474,0.0030271166666671,0.0012990142973434,0.0018720136312149,0.0025036388679246,0.0015068273264375,0.0014381010224998,0.001787117347705,0.0010354389614085,0.0014458980963841,0.0014850235330007
filtered_MAL0842.hg19.frag,1,0.0092651760331367,0.0034801769558062,0.0056250581189218,0.0054908818897938,0.0039479782195597,0.0020500825831182,0.0025313955016431,0.003391454280524,0.0023717004727111,0.0028911903258635,0.0018112995278096,0.0033047135074942,0.0029060184266566,0.0051811988130344,0.0034326402346294,0.0053845390908375,0.0047081462316342,0.005219216616824,0.0034437359939546,0.0006931883958089,0.0048087313875508,0.0029832692151788,0.0032328876338963,0.0046793001506766,0.004595481598486,0.0057297517437412,0.0026180494760342,0.0052117085345687,0.0033225072284459,0.0037278568715907,0.0027770501158559,0.0031707398085233,0.0032976538848727,0.0024236928573458,0.0025410012176691,0.0018836172603606,0.002746222132646,0.0022902688830872,0.00402465035049,0.0031784070216163,0.0026946782076451,0.0012111014070232,0.0016805373784739,0.0022216979584439,0.0015230701812708,0.0015403865097092,0.0016916765371185,0.000985338147533,0.0014069191361313,0.0014008142985365
filtered_MAL0842m.hg19.frag,0,0.0098120372693164,0.0034894885986619,0.005804051891453,0.0058358843234213,0.0039942976958488,0.001996476331756,0.0025697238390155,0.0035532325821477,0.0024322404356596,0.0030841064016576,0.0017865194213175,0.0032829074556566,0.0031132223957694,0.0053689998634924,0.0034415948982026,0.0054778683632148,0.0048425911293693,0.0051157909328152,0.0033051400489866,0.0006893686323268,0.0047566409257367,0.0030361599548322,0.0031972737302209,0.0047043692768874,0.0048044291334637,0.005805528789705,0.002531614589476,0.0051765811197969,0.0033435657767229,0.0036581978507754,0.0026677265873122,0.0031084488496334,0.0032707494182603,0.0023511692708954,0.0024911581266431,0.0018913528240298,0.0028101154027195,0.0022356283558556,0.0039598543187564,0.0032955402103482,0.0028692440791676,0.0012356100001202,0.0017694295986866,0.0024003816305083,0.0014808014831434,0.0015366335117074,0.001713386584658,0.0009922910130952,0.0013935062471741,0.0014316418698966
filtered_MAL0851.hg19.frag,1,0.0097199839034779,0.0035193977737174,0.0057948254470423,0.0056802621008503,0.004028625028294,0.0020093995567954,0.0025282977431935,0.0035008773193478,0.002413780891866,0.003041492559543,0.0017560025451288,0.003308450573363,0.0029067504421467,0.0053911415349396,0.0034616666502643,0.005626049088813,0.0048699805984679,0.005247890857335,0.0033984801293735,0.0006557015761216,0.0047739996997981,0.003054309643864,0.0031382638709098,0.0046667205490485,0.0044741698167583,0.0057048268876082,0.0025578839753202,0.0051325370984461,0.003301026893327,0.003693335061909,0.0026709749841355,0.0030628646989368,0.0032574922018425,0.002358529494521,0.0024662425973395,0.0018762847596575,0.0028042137675788,0.0022048329706863,0.003994497797732,0.0030646005072124,0.0028417196249631,0.0012257131169219,0.0017224487512293,0.0023383507233167,0.0014948718876628,0.0014440839973122,0.001685035883574,0.0009604599148012,0.0013596648216212,0.0013958223279343
filtered_MAL0851m.hg19.frag,0,0.0099926061545393,0.0034504939184425,0.0059398247184016,0.0057865517368669,0.0039212153818965,0.0019128708466032,0.0024654654437368,0.0035524061025163,0.0024142640756853,0.0029607267724533,0.001703883418348,0.0031829958969001,0.0029218014689335,0.0052098955626993,0.0033361830318298,0.0054012599093042,0.004671097741388,0.0049164228112089,0.0031659001586813,0.0006412986678201,0.0045084306884934,0.0028761433388123,0.0030125658581429,0.0044765448065931,0.004371775156949,0.0060356663211136,0.0025729453933424,0.0053787313073616,0.0033976124096909,0.0036410488541992,0.0026504894053638,0.003024044775627,0.0034384508661247,0.0024253996067489,0.0025868525433712,0.0019424633977669,0.0027605570169236,0.0021777321509884,0.0039710186766647,0.0031022387690872,0.002982433699747,0.0012773361651266,0.0018944138265032,0.0024535940846293,0.00147068724745,0.0014440134808603,0.0017214819723968,0.001010672082034,0.0014461964373904,0.0014300450118278
filtered_MAL0866.hg19.frag,1,0.009647743658471,0.0035373025712822,0.0056479016435028,0.0057463734988141,0.0041394228657529,0.0020675927384943,0.0026509610065683,0.0034365539100678,0.0023409359360893,0.0031844609009023,0.0018746966828108,0.0034748801427709,0.0031238725660352,0.0056037569068251,0.0035554221515948,0.0057121265433542,0.0051065277954203,0.0054234465282172,0.0034816473158719,0.0007180792840103,0.0050662726021605,0.0032391674871864,0.0033467465661102,0.0049127463152189,0.0049529382638703,0.0054913079930528,0.0024919640609982,0.0048343546230812,0.0032677540501926,0.0037208384249195,0.0026484312222314,0.003157518697715,0.0030581614178859,0.0022069522331497,0.0022713668668263,0.0018164483984552,0.0029290475497947,0.0022853439252873,0.0040585646338869,0.0033130688121261,0.002653174567863,0.0011386875523131,0.001530298167655,0.0022143202300307,0.0014841928481162,0.001489568639832,0.0016321219872126,0.0008878278130118,0.0012666313951485,0.0013397105401788
filtered_MAL0866m.hg19.frag,0,0.0101261030231633,0.0034123060219362,0.0059441392438805,0.0058684304745998,0.0039464574284145,0.0019303361255614,0.0025270409908617,0.0035664377444737,0.0024189401321922,0.0030856709440735,0.0017468996979079,0.0032136362367174,0.0030760949637332,0.0053471799238325,0.0033643497838101,0.0055486487112766,0.0048701960173489,0.0050554221100615,0.0032455278984355,0.0006831516249361,0.0046949106234484,0.0030043472066924,0.0031339070824222,0.0046510341431112,0.0046981676442196,0.0058914925565709,0.0024953613747667,0.0052673065785135,0.0033919411602912,0.0036347673260697,0.0026147769878861,0.0030506155616584,0.0033441375950138,0.0023280743417705,0.0025248866073307,0.0019204463176988,0.0028219625253297,0.0022110760487547,0.0039845832314524,0.0032080043049672,0.003085620053124,0.0012754883504,0.0019509384783042,0.0025238263792151,0.0015304859349459,0.0015335818010436,0.0017683078240186,0.0010002361679332,0.0014700274868804,0.0014854898537187
filtered_MAL0883.hg19.frag,1,0.0097123429923119,0.0034524610767713,0.0057442631269866,0.0056710954451073,0.0039273397800017,0.0019673927292216,0.0024905460998402,0.0035224726800277,0.0024284024672355,0.0029792937682872,0.0017433333728954,0.0032586956300446,0.0029049258874948,0.0052328228087223,0.0034012525898181,0.0054611717648671,0.0047166928243352,0.0050689956571024,0.003308259399969,0.0006734893974205,0.0046749525732509,0.0029613130104985,0.0031051146209965,0.0045781809794165,0.0045029018364865,0.0058217204086846,0.0025638026853428,0.0052231545397012,0.0033157273043163,0.0037013245439655,0.0026959801471097,0.0030961131291492,0.0033553783202558,0.0024164004781059,0.0025643583329877,0.001914050555312,0.0027625911867793,0.0022088105179742,0.0039574558823549,0.0031085818623006,0.0028892121720973,0.0012682101847012,0.0017972089685441,0.0024207567556418,0.0015356767350464,0.0014858240283467,0.0017455115116634,0.0010196134283766,0.0014529519136749,0.001450551515849
filtered_MAL0883m.hg19.frag,0,0.0090395422474225,0.0039093628473539,0.0058770857985659,0.0058268633199443,0.0046376247805436,0.0022875823109951,0.0027103341640078,0.0036164503788713,0.0024226047129081,0.0032658048556522,0.0017959395186023,0.003462735520749,0.0027387207823592,0.0062492792366452,0.0039583615579823,0.0060699372370188,0.0054972858025684,0.0062247318904292,0.0037187669812806,0.0005643730039084,0.0051279478231399,0.0036134749429664,0.0032623015198286,0.0049992122293487,0.0045661183370211,0.0053055621503053,0.0025445255986589,0.0048121676900006,0.0032039925742718,0.0039844206176016,0.0025689049767188,0.0029831144492302,0.0030099173678257,0.0021268367857748,0.0022587397790777,0.0017602342877427,0.0029217580814158,0.0021735079376711,0.0039802214137035,0.0029136476190297,0.0024107269647391,0.0011246907766238,0.0013210695463511,0.0021017135487385,0.0013621497582002,0.0012608169692757,0.0016684276928042,0.0008735543880648,0.0011062862658245,0.001337650402886
filtered_MAL0887.hg19.frag,1,0.0092533764475447,0.0032789233281279,0.0056410907658402,0.0054344580944233,0.0037495071047922,0.0019010770855141,0.0024600212871207,0.0034366761652396,0.0023813049759219,0.0027800476396615,0.0017262398515951,0.0031610089686867,0.0029116935594913,0.0049972708288275,0.0032795260852368,0.0052826574837625,0.004596663385282,0.0048931633744136,0.0032517615859051,0.0007204077621704,0.0047088892245074,0.00286806901373,0.0031831979647604,0.0045967575660803,0.0047142010215301,0.0059310546075714,0.0025769938385791,0.0053578325969462,0.0033916577436639,0.0036137172298383,0.0027121997925837,0.0031627042230556,0.0034575466301375,0.0025011782959672,0.0026361017075769,0.0019806975323764,0.0027025933511596,0.0022424448069442,0.003958324770729,0.0032881342101992,0.0028339567285945,0.0012666940644887,0.001843024041457,0.0024180354872494,0.0014958171105338,0.0015795626763606,0.001712206912652,0.0010252521700291,0.0014977007264993,0.001440043241795
filtered_MAL0887m.hg19.frag,0,0.0098643342431221,0.003401912647317,0.0057531920062978,0.0058354748813078,0.0038931554576198,0.001964069308529,0.0025689260652068,0.0034930226339858,0.0024010483000919,0.0030034654027938,0.0017537267784493,0.0031676615082721,0.0031784551288934,0.0052307659824467,0.0033559732236591,0.0053236946202613,0.0048576467819293,0.0049888705942769,0.003279116730523,0.0007206146413955,0.0048080256986348,0.0029913410618219,0.0031886868898111,0.0046101032251604,0.0049490968415766,0.0059205522690541,0.002537180991955,0.0052089569544791,0.0034009072141632,0.0036149314038795,0.0026563248206758,0.003122816232458,0.0033308078232517,0.0023837785070979,0.0025241695040828,0.0019072179779964,0.0027406333477751,0.0021792911465607,0.0038595030185321,0.0033180920510129,0.0029615477117509,0.0012957224053474,0.0018392033823007,0.0025380533530737,0.001505843148702,0.0016157606496588,0.0017025088307341,0.0010332304233071,0.0014204996168856,0.001460495156311
filtered_MAL0889.hg19.frag,1,0.008869119262859,0.0032932037582714,0.0054425955916432,0.0051036905869029,0.0038041378595403,0.0020291507726467,0.0025331235493473,0.0034000947463395,0.0024839271755043,0.002663686054508,0.0017732392218504,0.0031609084558697,0.0028614660248184,0.0049256795729423,0.0034300194013019,0.00543768348816,0.0046099337800233,0.0052146348137348,0.0035854437799208,0.0007811751318583,0.005027643389725,0.0029220084536396,0.0033951977106584,0.0047924500668106,0.0048319277083018,0.005566407721465,0.0026180758175638,0.0052362269741382,0.003262013407933,0.003711199656213,0.0028952781727216,0.0033216668364305,0.0034280455192274,0.0026339120775666,0.002679401772094,0.0019879403339145,0.0026479854047241,0.0023247961175698,0.0040437912518751,0.00325588081248,0.0025071014551277,0.0011601755579757,0.0016061825000135,0.0021006776291958,0.0014870564566436,0.0015895175108955,0.0016316169499513,0.0010030033143137,0.001441702372335,0.0013511448817388
filtered_MAL0889m.hg19.frag,0,0.010346532564772,0.0034675572698753,0.0058383652344882,0.005940880377265,0.0039864675362321,0.0019759735655057,0.0026338371801501,0.0035664111575528,0.0024364780957568,0.003104046942172,0.0018370202172182,0.0032152212438341,0.0033198285323818,0.0054217376502669,0.0034207745658303,0.0054992051589525,0.004970822121466,0.0051152382948221,0.003348711767053,0.0007356216991315,0.0049243881083829,0.0030823118722182,0.0033055322029469,0.0047703829335765,0.0051466785965467,0.0059052557839985,0.0025611932297697,0.0051674257087754,0.0034016546780902,0.0035719320977817,0.0026638246028671,0.0031802359173309,0.0032792060353291,0.0023622069208879,0.0024797157750232,0.0019054798760566,0.0027683737762545,0.0022087247825243,0.0038536162797766,0.003506087621157,0.0028451439030164,0.0012207089421913,0.0017861113367916,0.0024140456438793,0.0014772292597744,0.0015800349783526,0.0016505286678017,0.000971220559005,0.0013913350528447,0.0014081884493329
filtered_MAL1002.hg19.frag,1,0.0100011249376131,0.0033834848698047,0.0058055425904453,0.0056794611500306,0.0038812863887167,0.0019404320101923,0.0024967899557431,0.0034995912283335,0.0024170342334565,0.0029370235696447,0.0017389892754569,0.003186670213602,0.0029993453650314,0.0051993631548261,0.0033437193406647,0.0054717907290366,0.0047267599508765,0.0049993313100512,0.00328181991361,0.0006967459898957,0.0046749344578707,0.0029231123743658,0.0031190822939043,0.0046008492551067,0.0045612185243705,0.005817809245197,0.0025315319976992,0.005267130805729,0.0033248655372441,0.0036190945066397,0.002688203689231,0.0030925359949032,0.0033648377572701,0.0024075713855052,0.0025829081626921,0.001924795395344,0.0027447021935708,0.0022124012698297,0.0039727785586998,0.0031606271619754,0.0029425143579621,0.0012560335540905,0.0018865126486464,0.0023987645564527,0.0015266548296893,0.0015285240342229,0.0017289063548478,0.0010143490025214,0.0014905917633753,0.0014409679776326
filtered_MAL1002m.hg19.frag,0,0.0101557290069571,0.0034581520606682,0.0058521858776697,0.0059307424302699,0.0039154604494724,0.0019633592329175,0.0025555558497921,0.0034760789266252,0.0023590674164265,0.0030639273842416,0.0017972618979105,0.0031967220649342,0.0031913842123484,0.005174944097779,0.0033145014356258,0.0053221440481772,0.0048270408901552,0.0049254376169119,0.0032369847244384,0.0007202496207247,0.0047458362080904,0.0030168295005171,0.0031982194365687,0.0046898095527679,0.0049053617453685,0.0058494961545486,0.0025216986133908,0.0051626739691078,0.003419913625781,0.0036437984142363,0.0026982220916304,0.0031333610615133,0.0032386623352511,0.0023169607714835,0.0024526808726842,0.0018777733523667,0.0027949689366788,0.0022314580782457,0.0039444096344052,0.003352323933948,0.0029977380121778,0.0012748317075597,0.0018527478356983,0.0025493861240761,0.0015302583522038,0.0016243570677875,0.0017109966543033,0.0009890971518702,0.0013948432711508,0.0014530743902685
filtered_MAL1149.hg19.frag,1,0.0100512393705561,0.0035314292703717,0.0057154556843451,0.0058409425704242,0.0040607457571491,0.0020346842942155,0.0026523183260615,0.003469322093517,0.0023498734684978,0.0031507901476365,0.0018507558842276,0.0033562566428089,0.0031963923897246,0.0054682615232554,0.0035216288718221,0.0056020863453098,0.0050225713054966,0.0051917421385989,0.0033805487159578,0.0007340232611319,0.0049157925445557,0.0031452061996257,0.003356902405504,0.0049105314778925,0.0050681925406051,0.0057117330523379,0.0025270213701868,0.00501246701862,0.0033385171617134,0.0036575429261255,0.0027080248550262,0.0031433638766426,0.0031861551517048,0.0023343941568352,0.002413671024172,0.0018610121152678,0.0028071304357074,0.0022486216765063,0.0039478132575841,0.0033057352084256,0.0027696761993902,0.0012007007664823,0.0016512721904954,0.0023168635989646,0.0014724149169663,0.0015249496115167,0.0016593442241845,0.0009474668248911,0.001326510533909,0.001351790244121
filtered_MAL1149m.hg19.frag,0,0.0102649247549737,0.0035088699236709,0.0059506734465408,0.0058770713683175,0.0039718690985791,0.0019398513836816,0.0024962721794872,0.0036339544724989,0.0024758210935572,0.0030943826270153,0.0017373754970947,0.0032433722576052,0.0029882443758656,0.0052836624094725,0.0033341507530241,0.0054060336613491,0.0046666524452481,0.0049117380095353,0.0031162059550817,0.0006010810398801,0.0043906602455714,0.0028928033759152,0.0029328868805917,0.0043897324227633,0.0041730429145025,0.0059338244962187,0.0025350458166699,0.0052118536022229,0.0033520444786091,0.0036512556389795,0.0026130375103635,0.0029901468024637,0.0033650885757349,0.0023810818083357,0.0025189531588889,0.0019421514486261,0.0027685764784224,0.0021606888056728,0.0039118958797556,0.0030641465190333,0.0029950276182442,0.0012956070911485,0.0018505464891933,0.0024674395009629,0.0015199608836141,0.0014703964332682,0.0017593079807856,0.0010388730623629,0.0014279738794956,0.0014855066904289
filtered_MAL1164.hg19.frag,1,0.0097108269907811,0.0034121607030654,0.0057502090964016,0.0056404247780048,0.0039026374707253,0.001962023170807,0.002559567512944,0.003506201838748,0.0024361762549151,0.0029481315535642,0.0017773078042997,0.00321439567773,0.0030238985228807,0.0051950413154056,0.0033878261079555,0.0054574276939766,0.0047852309441312,0.0050654503084317,0.0033196753096275,0.0007044029363125,0.0047942170970964,0.0029825436432139,0.0032252394333754,0.0046476986856996,0.0047373976751173,0.0058177561738586,0.0025654886214869,0.005255947463281,0.0033474000296287,0.0036698798549026,0.0027245690710082,0.0031516319271745,0.0033805582374694,0.0024550077020851,0.0025688090862777,0.0019399873590137,0.0027546854544601,0.0022404545925278,0.0039697665875792,0.0032365243696573,0.0028746169274973,0.0012558555119483,0.0018145527380366,0.0024029251669404,0.0015185205309214,0.0015613847127658,0.0017133598320355,0.0010154120650365,0.0014482799295782,0.0014379934547369
filtered_MAL1164m.hg19.frag,0,0.0104305213397279,0.0034845831058837,0.0059415535987952,0.0059969830248563,0.0039727141243881,0.0019331173346062,0.0025272555203801,0.0036003795133871,0.0024229657636779,0.0031342313501448,0.0017809547583392,0.0032969130661368,0.0031541962479903,0.0053441952682075,0.0033646219777545,0.0053743787589287,0.004827254687436,0.0050120051292184,0.0031754921390254,0.0006666129117159,0.0045877617838194,0.0030029782475353,0.0031037902478386,0.0045336633509479,0.0046319421706644,0.0060879628496615,0.0025933328919588,0.0053035785082898,0.0034419913238135,0.0035976745917436,0.002631717018139,0.0030661360211495,0.0034223699080816,0.0024051905643059,0.002550612304096,0.0019498191523737,0.0027980911668508,0.0021824853489851,0.0038818631053754,0.0032204453606257,0.0029861046887111,0.0012883584723598,0.0018467745183328,0.0025422828628444,0.0015145414440795,0.00152214098584,0.0017501272386554,0.001019369042249,0.0014613017164917,0.0014795492037698
filtered_MAL1261.hg19.frag,1,0.0097240575072862,0.0035023811444775,0.0057283189141819,0.0054802854502873,0.0040241494174643,0.0020591112669913,0.0025654742155976,0.0034727162183337,0.0023991276777647,0.0029241473257463,0.0017727735091094,0.0033251192763046,0.0029045306966106,0.005576185529898,0.0035305906932425,0.0058326261205651,0.0048270842138172,0.0053133815338838,0.0034627917832304,0.0006708980060849,0.0048282763846487,0.0030615411433868,0.0032090142235115,0.0048184912941879,0.0045956327623965,0.0055538439388618,0.002518778277576,0.0049648186516953,0.003197541514601,0.0036568679049481,0.0027301176522428,0.0031148636933028,0.0031346970807715,0.0022902220981745,0.0023870356593313,0.0018168218989209,0.0027295757564103,0.0022181654351929,0.0039977513490535,0.0030791295338353,0.0024544010526775,0.0010440319935918,0.0014944248440721,0.0018472454792301,0.0013213278324403,0.0013202595235134,0.001562595339798,0.0008460697046183,0.00121282480404,0.0012189250028399
filtered_MAL1261m.hg19.frag,0,0.010241755854743,0.0036433365292425,0.0059241296319197,0.0061737482447978,0.0041544386250806,0.002001694851057,0.0026753456670179,0.0036486300866637,0.0024667064900383,0.0033143145550468,0.0018494594410824,0.0033722698819856,0.0032814579917429,0.0056134525722353,0.0035172038334482,0.0055092242519769,0.0051609446809559,0.0052665420246853,0.0032963347134611,0.0006879799282905,0.0048595769808742,0.0031711146999807,0.0032473236731994,0.0047785307913914,0.0049587855484057,0.0059349905514563,0.0026120967826579,0.0050557124101521,0.00342146345871,0.0036717209492078,0.002592474112907,0.0030566643378056,0.0032988902239403,0.0023488792033013,0.002431020611561,0.0018836850278573,0.0028612590543789,0.0022114292468134,0.0038899432904844,0.003271874827446,0.0029422139756304,0.0012860606486524,0.0017013311015208,0.0025289514238528,0.0015308420452663,0.0015660715825865,0.001751163555865,0.0009995696702889,0.0013934833570098,0.0014660416009725
