sample,label,AHR.10000.txt_central_coverage,AR.10000.txt_central_coverage,ATF2.10000.txt_central_coverage,ATF7.10000.txt_central_coverage,CEBPA.10000.txt_central_coverage,EOMES.10000.txt_central_coverage,ERF.10000.txt_central_coverage,ESR1.10000.txt_central_coverage,FOXA1.10000.txt_central_coverage,FOXA2.10000.txt_amplitude,FOXA2.10000.txt_central_coverage,FOXA3.10000.txt_central_coverage,GATA4.10000.txt_central_coverage,GATA6.10000.txt_central_coverage,HLF.10000.txt_central_coverage,HMGA1.10000.txt_central_coverage,HOXA2.10000.txt_central_coverage,IKZF2.10000.txt_central_coverage,IRF4.10000.txt_central_coverage,LEF1.10000.txt_amplitude,MIXL1.10000.txt_amplitude,MYNN.10000.txt_central_coverage,NFIL3.10000.txt_central_coverage,NKX3.1.10000.txt_central_coverage,NR1H2.10000.txt_amplitude,NR1H2.10000.txt_central_coverage,NR2F6.10000.txt_central_coverage,NR4A1.10000.txt_central_coverage,NR5A2.10000.txt_amplitude,PHOX2B.10000.txt_central_coverage,PRDM1.10000.txt_central_coverage,RARA.10000.txt_central_coverage,SOX13.10000.txt_central_coverage,SOX5.10000.txt_central_coverage,SPIB.10000.txt_central_coverage,TCF3.10000.txt_central_coverage,TCF4.10000.txt_central_coverage,TCF7.10000.txt_central_coverage,TLX1.10000.txt_central_coverage,TP63.10000.txt_central_coverage,ZBTB11.10000.txt_central_coverage,ZIM3.10000.txt_amplitude,ZIM3.10000.txt_central_coverage,ZNF317.10000.txt_central_coverage,ZNF382.10000.txt_central_coverage,ZSCAN16.10000.txt_central_coverage,ZSCAN4.10000.txt_central_coverage
filtered_MAL0638.hg19.frag,1,1.126668,-0.33529,-0.388066,0.113349,0.43057,-0.517207,-0.310012,0.599134,-0.26745,-0.092978,-0.231352,-0.582847,-0.577525,-1.459288,-0.952349,-0.025532,-1.93294,0.992085,0.659623,0.1895,-1.13375,0.001372,-0.750366,0.351481,1.311411,-1.839809,-0.590299,0.911497,0.8095,0.972949,-0.659343,0.343089,0.149011,0.142737,0.538356,1.430567,1.936611,-0.294033,0.850646,0.371708,0.552143,0.758046,0.347006,-0.653755,-0.384367,0.971969,1.045976
filtered_MAL0638m.hg19.frag,0,0.093764,-0.909036,-0.373496,-0.209169,-0.728077,-0.98499,-1.852994,0.705159,-0.159197,0.18785,-1.036989,-0.19782,-0.718778,-0.132503,-0.14549,0.861257,1.131557,0.250903,-1.131581,0.228118,1.131177,-0.891028,-0.270278,-0.486506,-0.164212,0.025165,0.173991,-1.090991,-0.501637,0.675544,-0.955727,-0.949268,-0.80702,-0.098465,-0.881865,-0.786876,0.248905,-1.575896,-0.380057,0.102653,0.829308,-0.408944,0.124904,0.173299,-0.613385,-0.618583,-0.950827
filtered_MAL0642.hg19.frag,1,-0.430901,-0.58001,-0.347888,-0.193277,-0.181629,0.114453,0.838499,0.533049,-0.434536,-0.014426,-0.402205,0.100441,0.517385,-0.128399,-0.287954,-0.151343,0.69929,-0.691394,-0.572728,-0.362012,0.0777,-1.389863,0.981695,-0.144205,0.341386,-0.014842,0.245099,-0.55782,-0.454428,-0.129555,0.981333,-0.409259,-0.432299,-0.809785,0.378186,-0.917739,0.127325,0.75109,-0.356005,-0.109573,-0.112894,-0.109481,-0.164046,0.024407,0.824696,-0.980431,0.631282
filtered_MAL0642m.hg19.frag,0,-0.190625,-0.955872,-0.505067,-0.044638,1.428131,-0.028652,0.707964,0.025432,0.255928,-0.290796,0.091078,0.88009,-1.150119,-1.646317,0.00489,0.815025,-2.255157,1.384995,0.762104,0.343146,-0.980953,0.487446,0.062431,0.705034,-1.144326,1.014806,-0.16944,0.753125,0.136145,0.45294,-0.821298,0.518186,1.147937,0.455845,1.471675,-0.022094,0.89688,0.369354,-0.09144,0.483855,1.750006,1.998919,-0.959734,-0.456543,-0.292888,-1.705315,0.078241
filtered_MAL0665.hg19.frag,1,0.227511,0.359645,1.556368,2.086784,-0.59731,-0.403339,0.9413,0.603491,1.229261,0.057889,1.161755,0.893439,-0.010518,-0.622645,-0.411511,0.113698,-1.005972,-0.398551,-0.455502,-1.102388,0.070023,1.162129,-0.585736,-0.951396,0.639397,0.843784,1.045207,-0.998359,-0.712451,-0.075781,0.447457,0.818525,1.099618,1.499842,-1.010073,-0.341603,1.251712,-0.224743,0.15588,-0.733679,0.0679,-0.028346,-0.620327,0.752013,0.959037,-0.408592,0.145498
filtered_MAL0665m.hg19.frag,0,-0.691825,0.113754,-0.645911,-0.834106,0.19716,0.32834,-0.614592,-0.332587,-1.158888,0.103967,-1.355476,-1.387942,-0.300207,0.080909,-0.914094,0.783805,-0.960999,0.311728,0.486733,0.493304,1.459573,-0.373053,-2.434614,-0.541582,-0.559877,-1.091973,-1.481005,1.180004,-1.023439,0.417792,-0.0909,-0.358803,-1.586044,-1.06373,1.757921,0.016995,-0.090617,-1.103698,0.05559,-0.165396,0.265686,0.687606,-0.654397,-0.92738,-0.994016,-0.348877,0.166059
filtered_MAL0681.hg19.frag,1,-0.91286,-0.38681,-0.152296,1.496903,1.54648,-2.377565,2.428339,-2.298424,-1.501061,2.59252,0.470896,0.791238,1.289488,0.503627,-0.648952,-1.467776,0.813044,2.565686,2.186147,0.158553,-0.00928,-2.289041,0.622862,0.287521,-0.136481,2.696448,2.137652,2.918682,1.20619,-0.766424,1.136246,0.402256,2.071426,2.815077,0.016649,-0.0017,0.759089,0.228208,1.749622,-0.360523,-0.304043,1.622678,-0.738494,1.980234,2.067025,1.818259,1.681956
filtered_MAL0681m.hg19.frag,0,-3.280891,-1.107505,-2.094523,-2.464924,-1.157639,-0.838808,-1.547935,-3.280979,-2.987417,-2.52395,-0.115698,-1.572739,-4.7401,-2.556247,-2.23277,0.416867,0.555377,-0.957748,-0.15875,-1.210965,0.1656,-2.140308,-2.683037,-0.862564,3.401434,-1.437094,1.043627,-1.088857,0.591596,-2.239934,1.80007,-1.20816,0.339329,-0.74061,-1.791034,0.344152,-3.940189,1.205965,-2.443027,-1.723397,0.484444,2.735863,1.816766,0.484569,0.65965,-2.890912,-2.902675
filtered_MAL0711.hg19.frag,1,0.077808,1.964377,-0.041917,-0.095587,-0.224365,1.33161,0.464109,-1.233808,0.435722,1.517028,0.176066,-0.409314,1.026135,2.38329,0.837691,-0.443883,-1.522894,0.082163,-1.00477,-0.610678,-0.854178,1.377853,0.4188,1.327454,-1.800217,0.051544,1.699937,0.471385,-0.079049,0.173559,-0.339914,-0.778376,0.197823,-0.692824,-0.502216,-0.113868,-0.438245,1.055195,1.716495,2.940046,0.602585,-0.354986,1.455364,-0.355409,3.390598,1.919102,0.763357
filtered_MAL0711m.hg19.frag,0,0.232673,-0.337632,-0.446346,0.486815,-0.574663,-0.924978,-0.283235,-0.481459,0.899797,0.477242,-0.269904,-0.188225,-0.352478,-0.350604,-0.693802,0.72256,0.39612,-0.454961,-0.678896,-0.721434,0.749386,-0.63543,0.347329,0.376354,0.275272,-1.237055,-0.757274,-0.907007,0.41673,0.337883,-1.19706,-0.627305,-0.921408,-0.670979,-0.698966,-0.224761,-0.571532,-0.661013,-0.387771,-0.888071,-0.405723,0.460319,-0.581944,-0.444744,-0.282652,-0.728126,-0.794707
filtered_MAL0718.hg19.frag,1,-0.88001,0.240798,0.089213,0.55646,0.219442,0.46529,-1.096086,0.328259,-0.861899,-0.039372,-0.662427,-0.387205,0.15707,0.802638,-0.254976,0.036112,0.876535,-0.811082,-0.321318,-0.129081,1.209502,-0.229504,-0.380196,0.154273,-0.119794,-0.434703,-1.849192,-0.313645,0.696941,0.355307,-0.667665,0.038245,-0.331716,0.095862,0.307157,-1.61369,-0.589544,0.235265,-0.474901,-0.303695,-0.480059,0.068113,0.422478,-0.018856,0.639818,0.089296,-0.745222
filtered_MAL0718m.hg19.frag,0,0.572908,-0.359294,-0.1651,-0.312936,-0.457045,2.172541,0.270937,0.9252,-0.258978,-2.123855,-0.122269,0.532606,0.231687,0.666618,0.009287,0.971392,0.365433,0.161628,0.025937,0.935673,-0.063596,-0.013382,-0.452652,-0.055372,0.035756,0.214652,0.342545,-0.197107,-0.759077,0.833559,0.800814,0.337382,-0.28389,-0.255474,-0.241185,0.049711,-0.059097,0.201261,0.589712,-0.052745,0.704265,-0.636657,0.071858,0.172738,-1.077819,-1.330416,-0.168136
filtered_MAL0719.hg19.frag,1,0.153833,1.541093,1.66454,0.473727,0.580332,2.701874,-0.241637,1.190264,1.04429,0.783856,0.699576,0.797078,1.076412,1.320337,0.103383,-1.576183,0.407231,0.886622,0.282508,0.424393,-0.33227,0.997845,1.034435,1.450043,0.157507,-0.260164,0.126585,-0.084411,0.650107,-0.907316,0.353357,0.044853,0.37976,0.626507,-0.051183,1.259341,1.176062,0.62085,0.067843,0.769003,-1.662524,-0.706914,1.683936,0.636832,-1.466127,0.254994,-0.094257
filtered_MAL0719m.hg19.frag,0,-0.516781,0.159419,0.608435,-0.025474,-1.62044,-1.053464,-0.927778,0.890342,0.173091,-1.573669,-0.016691,-0.768478,0.901242,-0.14247,-0.74129,0.278302,-0.153606,-1.236366,-1.068913,-0.148869,-0.612676,-0.639816,0.035321,-0.628046,-0.454284,-1.160118,-0.068307,-0.68503,-0.856039,0.273595,0.894914,-0.305943,-0.106391,0.491343,-1.241626,-1.264865,-0.798931,-0.912509,-0.551593,-0.754298,0.196394,-0.671603,0.092559,-0.422832,1.281454,0.809433,0.725373
filtered_MAL0728.hg19.frag,1,0.594964,-0.094668,-0.255611,-0.312001,-0.273677,1.854788,-0.145051,0.201899,-0.004349,0.602291,-0.456089,0.394947,0.437182,-0.145401,-0.302025,-0.077477,-0.904387,-0.2666,0.109249,-1.205124,1.091152,-0.252631,0.601174,-0.02813,1.265723,-0.609682,-0.237915,-0.586847,-1.038453,-1.15215,-1.362215,-0.138354,0.888591,-0.426591,0.281232,-0.359023,0.369584,0.565033,-0.449488,0.170545,-0.646782,-0.969817,1.2669,1.075643,0.36538,-0.644288,-0.275468
filtered_MAL0728m.hg19.frag,0,0.073584,-1.137363,0.301582,-0.114751,0.262179,-0.857273,0.431595,-0.206954,0.688939,-0.55773,-0.633513,0.480045,-0.875992,-0.113155,0.062491,0.496976,-0.053078,0.941561,-0.322056,-1.125925,-0.827869,-0.0078,0.511465,0.795051,-0.648783,0.52724,0.119737,-0.208206,-0.393915,-0.113633,-1.591385,0.871084,0.257975,0.161851,0.084482,0.202667,-0.517497,-0.124658,0.659597,-0.401258,1.122137,-0.725743,-0.811378,0.108124,0.261107,0.162852,0.595389
filtered_MAL0730.hg19.frag,1,-0.555732,0.804005,0.42653,0.600397,-0.060358,0.445286,-0.314793,0.402332,0.68988,-0.262361,0.073992,-0.257889,0.50302,0.719384,-0.119547,-0.294557,0.877064,0.266109,-0.235795,-0.230552,0.542532,-1.03059,0.108271,0.877369,-0.50798,-0.659362,0.231931,-0.540318,0.358136,0.413286,0.263737,-0.386133,-0.355876,-0.034751,0.886397,-0.366671,0.127325,0.149294,-0.340576,0.085051,-0.785896,-1.178274,0.685551,-0.003124,0.067273,0.523514,0.013424
filtered_MAL0730m.hg19.frag,0,1.149194,-1.166051,-0.222497,0.252639,0.920036,-0.48951,-1.241443,0.492381,-1.300087,-0.416589,-1.156585,-1.458023,-1.561508,-1.395382,-0.074257,0.257842,0.402998,-0.475073,0.09819,2.175998,-1.239736,-0.78855,-0.035657,-1.432277,0.043411,-0.776307,-1.059092,0.266057,-0.060073,-0.018103,-1.397423,-0.415266,-1.54167,-1.684484,2.206468,-0.493284,-0.852066,-0.820764,-0.893303,-0.712054,-0.613862,-0.465552,-0.183453,-2.234262,-1.429023,-0.040416,-0.620814
filtered_MAL0760.hg19.frag,1,-1.30237,1.507722,3.350245,-1.678261,1.192895,0.581466,0.476541,-0.964386,-2.065857,2.060655,2.42957,-0.551144,-1.228726,-1.141517,4.433599,-4.190185,-0.096464,-1.331528,1.976025,2.306237,-0.571098,1.887852,1.798435,3.747252,3.775544,-0.697611,-0.283741,0.839782,3.69084,-1.029583,0.244533,0.245779,-1.295143,-2.230148,1.895006,-0.373893,1.628609,0.474572,0.297465,-1.752063,-2.677203,3.456507,-4.271437,2.302179,-0.914692,1.731653,0.536147
filtered_MAL0760m.hg19.frag,0,-0.185463,0.152394,0.110405,-0.132045,-2.186979,0.198315,0.144228,-0.365993,0.583981,-0.992043,0.741194,0.0362,0.345009,0.621473,-0.834068,-0.201295,-0.281117,-1.637124,-1.077761,-1.533773,0.156111,0.335922,-0.677909,0.176185,-0.245779,-0.210484,-0.521297,-0.750342,-0.379944,-0.535408,-0.295744,-0.204128,0.062726,-0.254109,-1.782511,-1.048176,-0.670147,-0.808575,-0.583359,-0.577275,-0.569792,-0.0749,-0.076929,-0.789163,-0.070906,0.012576,-0.31171
filtered_MAL0766.hg19.frag,1,2.289566,-1.118629,0.183697,1.775951,-0.127203,-0.421035,-0.393687,-1.448038,3.24135,1.352202,3.906789,3.689997,0.981844,0.100256,1.727214,-1.190912,2.90031,-0.667849,-0.406105,-1.838972,-1.670495,0.455148,1.900958,1.257573,0.854746,0.976997,2.151347,-2.266616,2.987625,-0.387006,1.38398,0.582459,2.434313,1.776542,-0.934072,1.594571,-0.707522,2.139454,0.527541,-2.340965,0.523736,-0.956533,0.893854,2.600526,0.088383,-0.06454,-2.201529
filtered_MAL0766m.hg19.frag,0,-0.361446,1.294617,-0.44767,-0.670977,0.318065,-1.238115,0.494232,0.004372,0.546328,-0.318294,0.343852,0.76162,-0.178106,0.006449,-0.568926,1.416713,-1.261523,0.475563,0.188506,0.186667,0.091502,0.858682,-0.502435,-0.903427,-0.890063,0.258617,-0.94163,-0.264127,-1.208022,1.67681,-0.063374,-0.314352,-0.222259,-0.134418,0.192446,0.36837,0.709557,-0.255539,0.193999,-0.002454,1.133818,-0.5019,-0.372779,-1.103804,-0.972906,-0.107645,-0.570284
filtered_MAL0769.hg19.frag,1,1.147317,0.419361,0.06228,0.096989,-1.294251,0.734572,0.388562,0.960784,1.19302,-1.37792,1.14686,0.283986,0.593598,0.419787,0.193523,-0.168481,0.606169,0.067938,-0.303624,-0.10502,1.319083,0.356657,-0.280629,0.435576,-0.64275,0.492508,-0.043024,0.266057,-0.265508,0.46796,-0.995416,0.25539,-0.276001,0.414886,-0.686536,0.717621,0.486211,-0.798309,-0.21805,1.336783,0.524532,-0.353676,-0.228736,0.554239,0.218246,0.061218,1.680911
filtered_MAL0769m.hg19.frag,0,-0.857015,-0.619236,-0.804856,-0.52935,-1.845449,-1.310437,-0.463497,-0.133607,-0.982389,0.072721,-1.343647,-0.582013,-0.309384,0.307805,-0.791856,0.727874,-0.356248,-0.106689,-0.674104,-0.8277,0.837056,-0.486697,-0.254013,-1.049112,0.65619,0.232238,-0.457563,-1.110201,-0.809914,0.460751,-1.864724,-0.704492,-0.686715,-1.137456,-1.480283,-0.523026,-0.984903,-0.918284,-0.522096,0.387801,0.78391,-0.024385,0.010618,-1.31731,-0.112488,0.065172,0.021439
filtered_MAL0779.hg19.frag,1,0.442445,0.35379,1.57447,1.208507,0.850999,1.296219,0.886313,0.424118,0.605161,1.035409,0.049022,0.606024,0.637889,-0.076805,0.636746,-0.903021,-0.409157,0.104236,0.148325,0.046489,-0.157908,0.653725,0.760381,1.119586,0.96362,0.575161,0.596431,1.324289,0.766753,-0.398722,0.789931,0.380932,1.616831,0.564159,0.408373,0.415107,0.011149,0.353314,1.102505,0.843936,-0.828108,-0.217762,1.184528,1.005973,0.678841,1.486466,0.309285
filtered_MAL0779m.hg19.frag,0,-0.785683,-0.8622,-0.51169,-0.351731,-0.228749,-0.574911,-0.593075,-0.094392,0.046953,0.31891,-0.881469,-0.530704,-0.846465,-1.007255,-0.408873,0.881052,-0.101755,-0.816477,-0.511166,-0.167438,0.97194,-0.650184,-0.5813,-0.102157,-0.645396,-0.551649,-0.517083,-0.53861,-0.80053,0.085539,-0.256056,-0.561231,-0.433286,-0.239546,-0.052249,-0.423179,-0.200039,-0.557078,-0.533895,0.1107,0.462675,-0.974661,0.248677,-1.621837,-0.35622,-1.837399,0.736524
filtered_MAL0801.hg19.frag,1,1.406364,0.661154,0.422998,1.297316,0.61211,0.856134,1.120127,0.793756,0.498791,0.787669,0.032812,0.61979,1.257966,1.831586,0.849563,-1.111466,0.002476,0.965106,0.666996,-0.968836,-1.098009,1.036922,0.474991,0.678384,-0.441054,1.747255,0.739175,1.133474,0.890698,-1.909483,0.394966,1.118563,1.211048,0.094497,0.718414,0.45462,0.574919,1.197625,0.636907,0.771015,-0.484041,0.239888,1.174609,0.920009,1.750366,0.611306,1.193733
filtered_MAL0801m.hg19.frag,0,-0.0489,-1.141462,-0.075473,-0.507381,-0.503069,0.199854,-0.098192,-0.127798,0.383008,-1.037959,-0.287427,0.032863,-0.234368,-0.544082,-0.848578,1.315347,-0.404395,-0.384816,-0.323899,1.198375,0.971652,-0.347534,-0.55419,-0.50901,-0.754587,-0.846211,-0.03881,-0.614595,-1.163899,0.719404,-0.663824,-0.271404,-0.57282,-0.187665,-0.694349,-0.133837,-0.130694,-0.555795,-0.046061,0.180603,0.558249,0.311547,-0.688898,-0.753766,0.294372,-0.797332,-0.58492
filtered_MAL0809.hg19.frag,1,-0.111785,1.023551,0.489667,-0.30312,0.88497,-0.801877,0.43542,1.994899,0.712943,0.975405,-0.210762,1.035686,0.420423,0.708244,1.451519,-0.514295,0.752728,1.050457,1.183087,-1.028638,-0.461115,0.997446,0.226568,0.753596,1.315327,0.013295,1.255374,0.737758,-0.602436,-0.720161,1.000537,-0.206531,0.488231,0.713431,0.927949,0.285944,0.42497,0.60032,0.867891,-0.08141,-1.305979,-0.880456,-0.095905,0.276681,-0.054913,0.342787,0.409996
filtered_MAL0809m.hg19.frag,0,-0.357692,-1.554207,-1.19339,-0.322284,-0.215599,-0.634922,-1.340898,1.381982,-0.801183,0.32408,-0.835032,-1.03879,-0.088726,0.161817,-1.370068,0.498836,-0.862588,-0.557971,-0.430435,-0.987099,0.629541,0.5022,-0.952949,-0.585406,-0.897295,-0.433384,-0.72409,-0.775101,0.751239,0.932094,-1.417267,-1.14599,-1.458837,-0.131232,-0.127539,0.154656,-0.661591,-0.820764,-0.989055,-0.397235,0.376392,-0.293625,0.378058,-0.220563,-0.745807,-1.34228,0.067787
filtered_MAL0842.hg19.frag,1,0.484681,0.432241,-0.545687,-0.024072,-0.443529,0.391429,0.776339,0.034146,0.708236,-0.608816,0.831001,1.438234,-0.448243,-0.234518,0.423489,-0.942478,0.318344,0.1268,0.073123,0.178995,-0.512153,0.57876,1.316376,0.853681,-0.243556,0.497344,0.766565,-0.039162,-0.028587,-1.077047,1.779586,0.644328,1.244082,1.367408,-0.814388,0.120666,0.625352,1.85652,1.258158,0.966142,-0.765454,-0.575113,0.138273,-0.035712,0.713386,0.911463,1.269005
filtered_MAL0842m.hg19.frag,0,-0.999679,-0.418425,-0.557607,-0.757917,-0.012872,0.475292,-0.049421,-0.413922,-0.884491,0.419047,-0.654103,-0.252049,0.368551,-0.597435,0.103823,0.558753,-1.046712,0.98718,0.641929,0.909259,2.08094,0.766969,-0.013969,-1.496236,-0.217484,-0.596932,-0.552901,-1.225885,-0.829765,0.172658,1.027423,0.480944,-0.546195,-0.124861,-0.648891,0.093473,0.587077,-0.285693,-0.409554,0.441611,0.139315,0.887928,0.520376,0.127789,0.543221,-0.405824,-0.414861
filtered_MAL0851.hg19.frag,1,0.043081,1.005987,0.098043,0.773342,-1.063033,0.476061,0.620941,0.284687,0.702588,0.188109,0.292596,0.081669,0.232884,0.728179,-0.086569,-0.281405,0.039513,-0.477525,0.653725,-0.870024,-0.248051,1.418126,-0.127336,0.035829,0.65866,0.471405,0.694403,0.496998,-0.131804,-0.980616,-0.283582,0.167691,0.109073,0.493618,-0.593488,1.115307,0.967126,-1.095999,0.514381,0.948037,-0.973593,-0.279488,0.855471,-0.063805,0.474132,-0.074031,-1.233097
filtered_MAL0851m.hg19.frag,0,-1.116532,-0.311286,-1.992091,-1.41417,0.405366,-0.838038,-0.540479,-0.77412,-0.824716,-0.411192,-0.544144,-0.059744,-1.211568,-0.922242,0.265635,1.217567,-0.802272,-0.925864,-0.578258,0.698514,1.595118,-1.003077,-0.170712,-1.412141,-0.203514,-0.713878,-0.46283,-0.108316,0.104408,0.963036,-0.700312,-0.793993,-0.685729,-0.519887,0.876098,-1.355789,0.076892,-0.383853,-0.779854,-0.639133,0.782317,-0.564967,-0.439194,-0.232362,0.36666,-0.507853,-0.981145
filtered_MAL0866.hg19.frag,1,1.199408,0.68106,-0.181878,-0.409224,0.901407,0.34065,1.965014,0.43138,1.472124,-0.275447,1.617362,-0.457286,-0.049223,0.070942,-0.334563,-0.680759,-0.247255,1.285909,1.618816,-0.435195,-1.469536,0.88141,0.481891,-0.143613,-0.351266,0.634953,1.665172,1.601334,-0.381487,-1.442947,0.487786,0.291431,1.079402,1.626359,-0.003239,0.932184,1.029717,2.071447,-0.496683,0.332984,-0.370414,1.396397,-0.824316,1.009344,-0.01781,0.623961,1.291308
filtered_MAL0866m.hg19.frag,0,-0.270873,-1.581724,0.649054,0.754177,1.369687,-0.169448,-0.809198,-0.172096,-0.510313,-0.073849,-1.026913,-0.80477,-0.57154,-0.619128,-0.094484,1.107831,0.637915,-0.066957,-0.222524,1.04377,1.43565,-1.966852,-0.426036,-0.501904,-0.412971,-0.433384,-1.181821,0.168728,-0.58321,1.209672,-0.284862,-0.224551,-0.409126,-0.606811,1.983437,-0.64794,-0.349087,-0.868241,-0.967726,-0.925286,0.975059,0.480123,-0.972672,-0.084031,-0.728534,-0.544631,-0.508603
filtered_MAL0883.hg19.frag,1,0.728242,-0.460577,-0.09225,-0.289565,0.090135,-0.047117,-0.569646,0.045039,0.371241,1.020965,-0.543268,-0.624145,0.262012,0.756321,0.244529,-0.241549,-0.28535,0.353913,0.355498,-0.170663,-0.255757,-0.078777,0.47992,-0.623308,-0.103706,-0.232027,0.416815,0.11238,0.674921,0.135707,1.010779,0.800805,-0.107377,-0.543552,0.152314,0.375593,0.199823,0.395017,0.321517,-0.560176,-0.43997,-0.978348,0.646737,-1.285846,-0.463052,1.04157,-0.032925
filtered_MAL0883m.hg19.frag,0,2.986459,1.641791,-0.476369,0.772874,2.889224,0.097526,3.23067,2.294096,0.512911,0.877595,0.539238,1.933388,1.413983,1.237669,1.734689,0.950136,-1.747229,2.487202,2.691917,-0.274663,-2.836975,2.298564,2.281479,-0.795643,-0.038191,3.067508,1.389164,2.021382,-0.457764,0.265785,0.524914,5.194759,2.502848,2.134705,0.567478,4.468877,2.855663,2.383893,2.882304,2.637297,3.186539,-1.854619,0.525982,1.128458,-0.271777,1.135295,1.150172
filtered_MAL0887.hg19.frag,1,-0.3652,-0.323581,0.683934,0.465314,0.092326,-0.150214,-0.467322,-0.625974,-0.331931,-0.439563,0.041136,0.373673,-0.073563,-0.728179,0.281904,-0.429402,1.006163,-0.738484,-1.138954,0.257758,0.98738,-1.016634,0.487313,0.75478,-0.37187,-0.384584,0.598537,-0.520681,-0.57904,-1.006451,1.213703,-1.102441,-0.528938,0.124078,-0.121857,-1.38638,-0.549918,-0.712339,-0.51302,-0.085434,-1.259785,-0.001017,-0.2641,0.024407,1.100414,0.711359,0.313118
filtered_MAL0887m.hg19.frag,0,-0.043268,0.045256,-1.666694,-1.381919,-2.035756,-0.294087,-0.948339,-0.060987,-0.60774,-0.417202,-0.571743,-0.376359,0.123153,-0.654305,0.077001,0.52182,-0.744601,-0.981784,-1.032418,0.705183,0.461303,-0.015775,-0.800642,-0.702073,-0.48092,-0.387661,-0.733044,-0.724302,-0.624539,0.180468,0.024325,-0.810512,-0.698055,-0.405657,-1.354562,-0.590157,-0.867827,-1.05943,-0.982702,-0.535534,-0.270061,0.340735,-0.295582,-0.971767,-1.183372,-0.403056,-0.16953
filtered_MAL0889.hg19.frag,1,0.553667,1.776446,2.145791,2.539711,1.018294,1.180812,-0.632283,1.548283,1.03676,0.214379,1.26339,1.013994,1.551644,1.933015,1.347309,-1.015148,1.545836,2.214961,1.472098,-0.370555,0.151281,0.103451,1.347429,1.71891,-0.357511,-0.039023,0.741282,2.147312,-0.795776,-1.165068,1.06007,0.207636,0.617411,0.844044,1.65848,0.898619,0.099857,1.216872,1.809523,1.80348,-1.87438,-1.09455,0.572559,1.693125,0.440227,1.487257,1.705304
filtered_MAL0889m.hg19.frag,0,-0.796007,-1.376815,0.440217,-0.243291,0.272041,-0.829575,-0.338222,-0.098023,-0.573382,-0.989814,-1.390084,-2.397023,0.756797,-0.36878,-0.08481,-0.013973,0.400353,-1.111773,-1.568416,-0.554581,-1.528136,-0.800911,0.767775,-1.337522,-1.79369,-0.323913,-0.834177,-0.039162,0.272392,0.223727,-0.339914,-0.952572,-1.25915,-1.049167,-0.533824,0.164428,-0.609357,-1.240353,-0.287482,-0.678359,0.300199,1.689645,-1.998657,1.180711,-1.985576,-0.50904,-1.591685
filtered_MAL1002.hg19.frag,1,-0.381626,-0.524977,0.821687,0.344253,0.4839,-0.697242,-1.196497,-0.710214,-0.178965,-0.599316,-0.714121,-0.72134,-0.216412,-0.649029,0.09327,-0.028321,0.241625,0.179777,-0.435964,0.189064,-0.558504,-1.025406,-0.246619,-0.237775,-0.16848,-0.010006,-0.774656,0.00438,0.66045,-0.772732,0.524274,-1.215068,-0.950499,-0.990004,0.645609,-0.642842,-0.195536,-0.849635,-0.712238,-1.038943,-0.655809,-0.292437,0.478974,-0.050882,-0.384367,0.942704,-0.009228
filtered_MAL1002m.hg19.frag,0,-1.319264,-0.123941,-0.511248,-0.770537,-0.733191,-0.252541,-0.411379,-2.084194,-0.356406,-0.351414,-0.322912,-0.593693,-0.708005,-1.057676,-0.615534,1.904679,-1.143007,-0.513333,-1.0103,0.737786,0.611972,-1.236743,-0.328441,-0.712733,-1.097686,-0.826427,-0.445448,-1.007323,-0.194069,2.097083,-1.373738,-1.28745,-0.74884,-0.134418,-0.61018,-1.402101,-0.967342,-1.154382,-2.477062,-0.485746,1.057093,0.3528,-0.449545,-1.816801,-1.014487,-0.470284,-1.084992
filtered_MAL1149.hg19.frag,1,-0.070018,0.641834,-0.085628,-0.163362,-0.18382,-0.8365,-0.326269,-0.75887,0.116612,-0.069745,-0.70054,-0.609128,-0.19287,-1.333235,-0.357427,0.334498,-0.038793,-0.465262,-1.226321,-0.521498,0.332918,-0.622271,-0.114028,-0.581261,0.01367,-0.589898,-0.962173,-0.612887,-0.983987,0.611556,-0.36744,-0.002901,-0.622618,0.103599,-0.32642,-0.277446,-0.470666,-0.430688,-0.678656,-0.958981,0.172501,-0.522922,0.007599,-0.100887,-1.002333,0.380356,1.4997
filtered_MAL1149m.hg19.frag,0,0.123329,-0.628603,-0.101522,-0.005843,-1.629572,-0.442578,-0.394166,-0.302087,-0.100364,-0.791188,0.384156,-0.144425,-0.014508,0.33712,-0.858252,-0.118395,-0.681639,-0.905753,-0.751517,-0.857776,0.892781,0.11023,-1.091454,-0.580669,-0.346327,0.194429,-0.306917,-0.428902,-1.18154,-0.590984,0.217007,-0.252483,-0.000878,-0.182203,-1.357403,-0.363272,-0.479222,0.250021,-0.276137,0.432559,-0.177672,0.402584,-0.430138,-0.42227,-0.575002,-0.285208,-0.612102
filtered_MAL1164.hg19.frag,1,0.233612,0.780002,-0.109469,-0.081564,0.047763,1.40624,0.647718,-0.05082,0.269578,0.750865,0.616778,0.309432,1.123097,1.985781,1.004339,-1.027769,1.196635,-0.843456,-0.057375,0.741622,-0.10733,0.342302,0.383311,0.747674,-0.170738,0.022088,0.662799,0.544808,-0.721876,-0.618322,1.157371,0.089603,0.749057,0.743923,0.328111,-0.114292,-1.002014,-0.589798,0.298373,0.772523,-1.118547,-0.023989,0.862371,-0.044701,0.867557,0.788869,-0.831297
filtered_MAL1164m.hg19.frag,0,-1.049893,-1.902553,-1.40046,-1.639465,-0.687897,-0.242539,-1.376281,0.010908,-1.038398,-1.665017,-0.71894,-1.493481,-0.260704,0.102602,-1.050403,0.573632,0.585006,-1.603278,-1.746099,1.07402,-0.449901,0.214702,-1.772153,-1.599874,0.518139,-0.89765,-1.833916,-1.251071,-0.007609,1.615526,-0.497388,-0.66665,-1.794113,-1.767767,-1.419199,-0.973398,-0.487778,-1.378933,-1.195533,-1.375889,0.532762,-0.024934,0.963288,-1.077958,-1.645247,-0.652988,-0.084151
filtered_MAL1261.hg19.frag,1,0.537711,0.346765,1.789488,1.96432,1.097559,1.890949,0.958514,0.424844,0.518559,-0.194957,1.354512,1.299324,0.452744,1.360205,0.638505,-1.063905,0.3903,1.613088,1.155071,-0.340436,-1.193846,1.144983,1.118722,-0.527369,0.283809,0.257737,1.19954,1.2244,0.940827,-1.466979,1.33917,1.168419,0.744126,1.318257,0.607254,1.504496,0.777551,0.199978,1.490503,1.083822,-0.726428,-0.753316,0.100321,0.072165,-0.037001,0.489108,1.207323
filtered_MAL1261m.hg19.frag,0,1.403549,2.370683,-1.075947,-1.776886,0.955102,-1.282739,1.297042,-0.510508,-0.747057,1.788809,-1.059331,0.060812,0.258421,-0.519457,-0.440971,0.396939,2.151116,-0.327915,2.009939,3.477475,-0.84975,0.96116,-2.06198,0.927708,-0.100214,2.880659,-2.215271,0.412049,2.004366,2.780215,-2.371714,1.291258,0.272274,-1.491978,1.069652,-0.206066,-0.756604,1.960455,0.99087,0.667416,1.425054,-0.38978,-1.406958,-0.793096,1.024928,-1.674469,-1.464141
